{
  "project_info": {
    "project_number": "762718478293",
    "firebase_url": "https://sixth-episode-834.firebaseio.com",
    "project_id": "sixth-episode-834"
  },
  "client": [
    {
      "client_info": {
        "mobilesdk_app_id": "1:762718478293:android:540b7048a1de88b6",
        "android_client_info": {
          "package_name": "com.sgx.SGXandroid"
        }
      },
      "oauth_client": [
        {
          "client_id": "762718478293-bq80u5fb45qk6i0678tee5tgm1q2kiqq.apps.googleusercontent.com",
          "client_type": 3
        },
        {
          "client_id": "762718478293-3tughjvfrhhtn4katnqkg2abcnk98jpg.apps.googleusercontent.com",
          "client_type": 3
        }
      ],
      "api_key": [
        {
          "current_key": "AIzaSyAkj3oHXlN1U9Vs4P9ylVV60VYputKWPNA"
        }
      ],
      "services": {
        "analytics_service": {
          "status": 1
        },
        "appinvite_service": {
          "status": 2,
          "other_platform_oauth_client": [
            {
              "client_id": "762718478293-bq80u5fb45qk6i0678tee5tgm1q2kiqq.apps.googleusercontent.com",
              "client_type": 3
            },
            {
              "client_id": "762718478293-jnshrgusl4tms4h2suf1j9bm25ecnq2d.apps.googleusercontent.com",
              "client_type": 2,
              "ios_info": {
                "bundle_id": "com.sgx.SGX"
              }
            }
          ]
        },
        "ads_service": {
          "status": 2
        }
      }
    }
  ],
  "configuration_version": "1"
}